{"cameraMode":{"drawMode":0,"name":"Shaded","section":"Shading Mode"},"sceneLighting":true,"audioPlay":false,"sceneViewState":{"showFog":false,"showMaterialUpdate":false,"showSkybox":false,"showFlares":false,"showImageEffects":false,"showParticleSystems":false},"in2DMode":false,"pivot":{"x":14.426506996154786,"y":-51.332523345947269,"z":55.51249694824219},"rotation":{"x":-0.40393945574760439,"y":0.00524800643324852,"z":-0.00230376236140728,"w":-0.9147956967353821},"size":114.32548522949219,"orthographic":false}