{"cameraMode":{"drawMode":0,"name":"Shaded","section":"Shading Mode"},"sceneLighting":true,"audioPlay":false,"sceneViewState":{"showFog":false,"showMaterialUpdate":false,"showSkybox":false,"showFlares":false,"showImageEffects":false,"showParticleSystems":false},"in2DMode":false,"pivot":{"x":8.177386283874512,"y":-11.401885986328125,"z":15.102104187011719},"rotation":{"x":0.45671284198760989,"y":-0.00963040441274643,"z":0.004939883016049862,"w":0.8895717263221741},"size":30.173357009887697,"orthographic":false}